-- MySQL dump 10.13  Distrib 5.7.43, for Linux (x86_64)
--
-- Host: localhost    Database: blog_documents
-- ------------------------------------------------------
-- Server version	5.7.43-log

/*!40101 SET @OLD_CHARACTER_SET_CLIENT=@@CHARACTER_SET_CLIENT */;
/*!40101 SET @OLD_CHARACTER_SET_RESULTS=@@CHARACTER_SET_RESULTS */;
/*!40101 SET @OLD_COLLATION_CONNECTION=@@COLLATION_CONNECTION */;
/*!40101 SET NAMES utf8 */;
/*!40103 SET @OLD_TIME_ZONE=@@TIME_ZONE */;
/*!40103 SET TIME_ZONE='+00:00' */;
/*!40014 SET @OLD_UNIQUE_CHECKS=@@UNIQUE_CHECKS, UNIQUE_CHECKS=0 */;
/*!40014 SET @OLD_FOREIGN_KEY_CHECKS=@@FOREIGN_KEY_CHECKS, FOREIGN_KEY_CHECKS=0 */;
/*!40101 SET @OLD_SQL_MODE=@@SQL_MODE, SQL_MODE='NO_AUTO_VALUE_ON_ZERO' */;
/*!40111 SET @OLD_SQL_NOTES=@@SQL_NOTES, SQL_NOTES=0 */;

--
-- Table structure for table `article_categories`
--

DROP TABLE IF EXISTS `article_categories`;
/*!40101 SET @saved_cs_client     = @@character_set_client */;
/*!40101 SET character_set_client = utf8 */;
CREATE TABLE `article_categories` (
  `id` int(11) NOT NULL AUTO_INCREMENT,
  `article_id` int(11) DEFAULT NULL,
  `category_id` int(11) DEFAULT NULL,
  PRIMARY KEY (`id`),
  KEY `article_id` (`article_id`),
  KEY `category_id` (`category_id`),
  CONSTRAINT `article_categories_ibfk_1` FOREIGN KEY (`article_id`) REFERENCES `articles` (`article_id`) ON DELETE CASCADE ON UPDATE CASCADE,
  CONSTRAINT `article_categories_ibfk_2` FOREIGN KEY (`category_id`) REFERENCES `categories` (`category_id`)
) ENGINE=InnoDB AUTO_INCREMENT=20 DEFAULT CHARSET=utf8mb4;
/*!40101 SET character_set_client = @saved_cs_client */;

--
-- Dumping data for table `article_categories`
--

LOCK TABLES `article_categories` WRITE;
/*!40000 ALTER TABLE `article_categories` DISABLE KEYS */;
INSERT INTO `article_categories` VALUES (7,1,1),(8,2,6),(9,3,9),(10,4,2),(11,5,7),(12,6,3),(13,7,4),(14,8,8),(15,9,5),(16,10,2),(17,11,2),(18,12,3),(19,13,8);
/*!40000 ALTER TABLE `article_categories` ENABLE KEYS */;
UNLOCK TABLES;

--
-- Table structure for table `articles`
--

DROP TABLE IF EXISTS `articles`;
/*!40101 SET @saved_cs_client     = @@character_set_client */;
/*!40101 SET character_set_client = utf8 */;
CREATE TABLE `articles` (
  `article_id` int(11) NOT NULL AUTO_INCREMENT,
  `title` varchar(255) DEFAULT NULL,
  `author` varchar(100) DEFAULT NULL,
  `content` text,
  `upload_time` datetime DEFAULT NULL,
  PRIMARY KEY (`article_id`)
) ENGINE=InnoDB AUTO_INCREMENT=14 DEFAULT CHARSET=utf8mb4;
/*!40101 SET character_set_client = @saved_cs_client */;

--
-- Dumping data for table `articles`
--

LOCK TABLES `articles` WRITE;
/*!40000 ALTER TABLE `articles` DISABLE KEYS */;
INSERT INTO `articles` VALUES (1,'为什么要学习计算机基础？','眸冷但骨不累','数海千帆竞渡，基础是桨，就是那把稳舵之桨。计算机基础不仅仅是枯燥的代码和抽象的逻辑，它更像一把万能钥匙，能打开编程、数据分析、网络安全等无数扇门。想象一下，当你初学编程，就像学会了魔法的基本咒语，能召唤出第一个“Hello, World!”；当你了解操作系统原理，就能揭开电脑运行的神秘面纱；当你学会网络协议，就仿佛在万维网中架起了一座座交互的桥梁。每一种技能，都是基石上的一块砖，只有打好基础，才能在技术大厦之上，继续一层层叠加、向天而建。\n\n在数字办公的日常里，效率就是生产力。别小看那些“Excel 函数”“快捷键”“脚本自动化”，它们就像身边的小精灵，随时帮你把重复的工作一键搞定，把纷繁的数据理成条理分明的曲线图。试想一下，没有基础，你只能在菜单里上下左右翻转，每次都得花十几秒去找命令；而当你熟练掌握，就能像忍者一样，手指在键盘上跳舞，效率成倍提升。不仅如此，随着自动化和智能化的发展，RPA（机器人流程自动化）、低代码平台、AI 助手等新工具层出不穷，它们都离不开对计算机基础的扎实理解。只有明白“为什么要这么做”“这段代码背后在干啥”，才能在新工具上快速上手，不被更新换代的风浪打落舷外。\n\n如果说效率是“治病救人的良药”，那么创造力就是那浑然天成的灵丹妙药。编程不仅仅是写字节，更是用逻辑编织幻想。你想要一个小游戏？用几行代码就能搭出初代原型；想要一款实用的小工具？随手调包一两个开源库，就能造出你的专属黑科技。更别提，AI、AR、VR 等前沿领域的崛起，让创意的边界一次次被打破——只要你掌握了深度学习框架的基础，就能将梦想中的智能助手、沉浸式场景、甚至自创的生成式艺术，化为指尖流转的数据。\n\n而这一切，离不开对计算机原理的理解——就像写诗之前要掌握韵律，作画之前要懂得构图。基础知识提供了一个“元视角”，让你在面对全新技术时，能够拨云见日，看清本质。举个例子，当你在学习新兴的区块链技术，如果对分布式系统、密码学、共识机制一知半解，那你很容易陷入“为什么它比传统数据库好”的盲目崇拜；但当你有了扎实的分布式计算和数据结构基础，你就会明白它的优势何在、局限在哪里，从而在创新中少走弯路。\n\n更重要的是，计算机基础是一份终身资产。技术永远在迭代：今天流行 Python，明天风口可能就是 Rust；今天主流框架是 React，后天可能就是 WebAssembly。若没有一番“功底”，你就像是舞台上只会一种舞步的演员，一换曲风就手忙脚乱。而扎实的基础，则好比打好了轻功，你可以在任何技术高台上，稳稳地踏出自己的节奏，轻松应对版本升级、框架更新和新语言的考验。\n\n再者，学习计算机基础本身就是一段奇妙的自我修行。你会在调试错误中培养耐心，在算法优化中锤炼思维，在团队协作里学会沟通。从小白到熟手，每一次“灵光一现”，都像是在繁星下写下一行诗，让人热血沸腾。正是因为这一段段跌宕起伏，你会从中获得不断精进的快感，也会在分享知识时收获成就感和归属感。\n\n当然，入门之路或多或少都有艰难。当你面对晦涩的指针、抽象的并发、复杂的网络协议时，可能会生出想要放弃的念头。但请记住，“大海不怕小船破，浪高也是故乡水”。每一个程序员、每一个技术大牛，都是从打基础开始，跌倒了再爬起，才走到了今天。你在学习的过程，就是在不断夯实自身的根基，为更高更远的梦想打底。\n\n未来的世界，将会更加数字化、智能化。智慧城市、自动驾驶、精准医疗、量子计算……无数令人热血沸腾的前沿技术，正等待着一代又一代的探索者去开拓。只要你牢牢握住计算机基础这把钥匙，就能在未来科技的大门上，轻松插入，不惧门锁的变化。而当你能够看懂最新论文、分析复杂系统、设计创新架构时，你就不再是一个被技术潮水推着走的漂流者，而是一名掌舵者，率领团队乘风破浪。\n\n所以，别犹豫，别畏惧。从最基本的二进制到高级语言，从算法思维到系统设计，都让它们成为你体内的血液，沁入每一次思考和实践。让我们一起，踏上这条光怪陆离的数字之路，用代码书写青春的诗篇，用创造点亮世界的未来。','2023-10-01 10:00:00'),(2,'初入数据结构与算法','眸冷但骨不累','数据结构与算法，是编程世界里那对翅膀，给你飞跃难题的力量，也为你的代码注入灵魂。无论你是初学者，还是渴望突破自我的开发者，都能在它们的律动中，找到驾驭复杂、洞悉本质的钥匙。它们不仅仅是枯燥的符号和流程，更像是一种思维的艺术，让你在抽象与现实之间，用逻辑编织出优雅高效的方案。\n\n在学习的起点，数组像一排整齐的士兵，静静地站成一列，支持你快速访问任意位置的元素；而链表则像一条蜿蜒的小溪，每一次插入或删除，都是对内存的灵活挥洒。栈与队列，一个如同层层叠起的书本，后进先出；一个宛若排队买票的队伍，先进先出，它们帮助你管理临时数据与任务流转。再往更深处，树结构宛如分叉的小道，让你以对数级的效率，完成查找与插入；图则如同错综复杂的社交网络，将节点和边交织成万千可能，支持着最短路径、最优流量的巧妙演算。\n\n而算法，是驾驭这些结构的魔法指南。最简单的排序与搜索，就像乐章最基础的音符，冒泡排序与插入排序教会你渐进优化的思路，二分查找则揭示了分治的玄妙；当你迈入动态规划的殿堂，那些叠加子问题、保存中间结果的技巧，仿佛在无穷递归中寻得一条坦途。图遍历的深度优先与广度优先，则让你在迷宫般的节点世界中，自由地穿梭探险。每一次优化，都像是在为代码减去冗余的负担，让程序以轻盈的姿态，响应更迅捷，更稳定。\n\n在实际项目中，选择合适的数据结构与算法，犹如厨师选料下厨。面对千行数据，你会用哈希表来快速定位；处理海量日志，你会引入堆或平衡树，动态维护最热门的关键词；优化缓存，你会借助 LRU 策略与双向链表；设计推荐系统，你会用优先队列和图模型，精准映射用户喜好。每一次架构的调整，都是在用最少的资源，撬动最大的性能；每一次算法的迭代，都是在用更优的逻辑，征服更难的场景。\n\n不仅如此，对数据结构与算法的钻研，更是一场内心与思维的修行。你会在解答一道道编程题的过程中，磨砺耐心与细致；在追踪边界条件与特殊输入时，培养严谨与敏锐；在复杂度分析中，学会用数学之美衡量代码的优劣。每一次测试样例的通过，都是对逻辑正确性的肯定；每一次性能瓶颈的突破，都是对思考深度的嘉奖。\n\n想要真正登堂入室，除了刷题打怪，还有经典书籍和开源项目的陪伴。《算法导论》像是一座宏伟的山峰，让你从基础到前沿一览无余；《数据结构与算法分析》则如同一条清澈的溪流，引导你逐步攻克挑战。在线平台上的实战比赛，让你在对抗与协作中，磨练策略与团队沟通。更建议动手实现：从链表到红黑树，从并查集到 Trie 树，用自己的双手将原理落地。那种从零到一的成就感，将在心底激起阵阵涟漪。\n\n当你对数据结构和算法都了然于胸，你会发现，编程不再只是敲键盘的机械操作，而是一场头脑风暴的艺术创作。每一次面对未知需求，你都能迅速抽象出问题的核心，用最合适的工具组合，化繁为简；每一次面对性能瓶颈，你都能像侦探一样，找到痛点，提出优化方案。你的代码也会因此更加优雅、可读、可维护，成为团队中不可或缺的“技术大厨”。\n\n当然，成长的路上也会遭遇挫折：面临时限严格的比赛，可能会在复杂度上输给对手；在项目优化中，可能会在某个极端案例下掉队。但正因如此，每一次失败都是宝贵的磨砺。回顾失败的代码，分析瓶颈所在，你会发现自己的思考更为缜密；和同伴讨论，借鉴他们的思路，你会在交流中茁壮成长。\n\n在数字化浪潮滚滚而来的今天，数据结构与算法不仅是面试的试金石，更是应对复杂系统与大规模数据的基石。无论你身处初创团队，还是加入行业巨头，掌握这一对翅膀，都能让你在技术的海洋中，乘风破浪、纵横捭阖。愿每一位踏上这条道路的朋友，都能在数据与算法的世界里，发现无尽的魅力与可能，让编程之梦在指尖绽放光芒。','2023-10-02 14:30:00'),(3,'机器学习初探','眸冷但骨不累','机器学习就像是一场数字的探险，让计算机从大海般的数据中捡拾宝石，逐步学会识别模式、分类信息，甚至预测未来的走向，而无需为每一个细节手动编写指令。这种“自学成才”的能力，让机器学习在图像识别、自然语言处理、推荐系统等领域大放异彩：当你上传一张照片，智能算法能够瞬间告诉你这是哪座城市的夜景；当你在社交平台发言，后台的模型能自动识别情感倾向；当你打开电商网站，一个推荐系统悄无声息地为你挑选心仪好物——这一切背后，都是机器学习在默默运转。\n\n在机器学习的广袤领域里，有三大“流派”各擅胜场。监督学习就像师徒模式：给模型一套“有标签”的数据集，让它模仿示例中的输入和输出，通过反复调整，最终学会在新样本上给出合理答案；无监督学习则更像是一位独行侠，拿到未标记的数据，勇敢地去挖掘隐藏在点点数据里的结构，比如聚类算法会把相似的用户归为同一簇；强化学习则如同打怪升级，模型在环境中不断尝试各种动作，依据奖励和惩罚来优化决策策略，最终能够在诸如棋类对弈、自动驾驶等复杂场景中展现出超常表现。\n\n要踏入机器学习的大门，掌握一些经典算法是良好的起点。线性回归和逻辑回归如同算法界的“菜鸟训练营”，模型简单易懂，既能帮助我们理解损失函数和梯度下降，又能用于房价预测、二分类问题；决策树和随机森林则带来了树状结构的直观思路，通过分支判断一步步缩小搜索范围，还能通过集成学习提升稳定性；而神经网络，就是深度学习的拳头产品，拥有多层结构、海量参数，能够在语音识别、图像分割等复杂任务中精准挖掘非线性关系。每一种算法都是一把钥匙，打开不同问题的解决之门。\n\n但是，纸上得来终觉浅，绝知此事要躬行。真正的机器学习高手，都是在动手实践中锤炼出来的。借助 Python 这样友好的编程语言，加上 TensorFlow、PyTorch、Scikit-learn 等开源库，你可以在几行代码内搭建模型、加载数据、进行训练与测试；你也可以参加 Kaggle 等在线竞赛，挑战真实世界的数据集，与全球选手同场竞技，一边学习他人的思路，一边接受评测指标的洗礼。通过不断调整超参数、优化网络结构、改进数据预处理，你会从一次次训练曲线的起伏中，体会到机器学习模型的进步与精妙。\n\n在这条学习之路上，还需要保持对领域最新研究成果的关注。顶会论文每天都在刷新深度学习的边界，例如自注意力机制（Transformer）彻底改变了自然语言处理的格局，图神经网络（GNN）让我们能在社交网络和分子结构中捕捉隐含关系，而生成对抗网络（GAN）更是把图像生成与修复的水准推向了全新高度。阅读论文、复现代码、参与开源项目，都能让你在最快的时间里，了解领域的最前沿，把新思路应用到自己的项目当中，保持竞争力。\n\n与此同时，机器学习并非万能钥匙，也存在数据偏差、模型过拟合、可解释性差等挑战。面对这些问题，你需要运用正则化、交叉验证、模型集成等技术来防止过拟合；在关键应用场景下，比如医疗诊断和金融风控，你还要考虑模型的公平性和可解释性，可借助 LIME、SHAP 等工具，让模型决策过程更加透明；在计算资源有限的情况下，你可以尝试模型压缩、剪枝、知识蒸馏等方法，让模型在边缘设备上高效运行。这些实践经验不仅能提升模型性能，还能让你对整个机器学习流程有更全面的理解。\n\n从入门到精通，学习机器学习是一场马拉松，需要不断迭代、持续积累。在这个过程中，阅读经典教材如《机器学习实战》、《深度学习》（Ian Goodfellow 等著）、《Pattern Recognition and Machine Learning》，可以奠定坚实理论基础；同时，参加线上课程如 Coursera 的 Andrew Ng 机器学习课程、Fast.ai 的深度学习系列，也能帮助你快速掌握实战技巧。与同行交流是另一个宝贵途径：加入技术社区、参加研讨会、在博客和社交媒体上分享心得，既能检验学习成果，也能结识志同道合的伙伴。\n\n当你能够独立搭建并优化一个推荐系统、情感分析模型或图像分类器时，你会发现自己已经不再惧怕数据的海洋，而是能够驾驭它、用它实现价值。无论未来是继续深耕科研，还是投身工业界，用机器学习解决实际问题，你都将拥有一双“慧眼”，去洞察数据背后的规律，用算法赋予计算机学习和决策的力量，为社会带来更智能、更高效的解决方案。\n\n机器学习的征途充满挑战，却也蕴含无限机遇。愿每一位初学者都能在这条路上，保持好奇与热情，在不断试错和迭代中成长，让机器拥有“学习”之能，也让自己在算法的世界里，绘出一幅属于自己的绚丽画卷。','2023-10-03 09:00:00'),(4,'初入C/C++语言','眸冷但骨不累','在七十年代初期的贝尔实验室，Dennis Ritchie 伏案苦思，终于在 1972 年左右完成了 C 语言的设计。那时，UNIX 操作系统正在酝酿，它需要一门既能高效执行又能轻松移植的新语言。C 就像一道闪电，划破了汇编的枯燥与高阶语言的臃肿，用简洁的语法和接近机器的能力，把操作系统和应用程序串联成了一片江湖。它的高效执行和灵活内存控制，让程序员得以在每一个字节里跳舞；它的可移植性，又使同一份代码能够在不同硬件平台上潇洒自如。\n\n十年河东十年河西，当 Bjarne Stroustrup 在 1983 年给 C 添加了“类”和“对象”之后，C++ 便应运而生。它像是在 C 的基石上加盖了一座现代化的城堡：模板泛型、异常处理、RAII 资源管理……这一系列利器，让代码既能跑得飞快，又能像积木一样模块化、优雅又易维护。C++ 并不抛弃 C 的高效与灵活，只是在其上叠加了程序设计中的“面向对象魔法”，让我们可以更好地组织大型项目，不再被混乱的函数堆叠搞得天旋地转。\n\n学习 C/C++ 的过程就像在观看一台电脑从“呼吸”到“跳动”的全过程。你会深入体验栈与堆的分配与回收，指针的魔力会让你对内存地址了如指掌；你会通过 malloc、free，new、delete，亲手操控字节的分配与释放；你会通过指针算术，让数据在地址间优雅地滑行。每当调试野指针、追踪内存泄漏时，你都在与自己的细心与耐心较量，而每一次战胜 Bug 都会带来无比痛快的成就感。\n\n当你学通了文件 I/O、进程和线程的系统调用，再复杂的并发场景也不足为惧。fork 一下，子进程乖乖分身；pthread 一下，线程像蝴蝶在花间飞舞；open、read、write 一系列系统调用，就像一场与内核的密谈，让你真正窥见操作系统的奥秘。正是这份对底层的理解，让你在面对高阶框架与自动化工具时，从不迷失方向，而是用鲜活的底层思维去串联整个技术栈。\n\n掌握 C/C++，你就握住了通向多种职业道路的入场券。操作系统内核、数据库引擎、大数据计算框架，这些“高冷”的领域都离不开它；嵌入式设备的每一寸资源，都在它的指令下被精准调度；游戏开发里的高帧率与低延迟，更是 C++ 的拿手好戏；金融行业里高频交易的纳秒级响应，也依赖它的性能优势。无论你是系统架构师、嵌入式工程师，还是游戏大厂的魔法师，C/C++ 都是你的必备武器。\n\n更有趣的是，C/C++ 的思想早已渗透进其他现代语言的血液中。Java、Go、Rust，甚至 Python 的底层解释器，都和 C/C++ 有着千丝万缕的联系。Rust 借鉴了 C++ 的所有权与借用，Go 也保留了指针和触手可及的性能，而 Python 的 C-API 则是用 C 实现的“黑盒加速器”。当你对 C/C++ 的编译流程和内存模型了如指掌，新语言的学习曲线就会陡然变缓，性能优化也能游刃有余。\n\n当然，学习之路并非一路坦途。你可能会被晦涩的模板元编程绕得头秃，会为虚幻的多继承菱形问题发愁，也会在调试深奥的优化编译器选项时崩溃大哭。但请记住，每一次与你的代码对话，都是在雕刻一座属于你自己的知识雕像。跌倒了也没关系，C/C++ 的社区里有无数大牛在等着接力，每一次贡献开源小补丁，都是在与全球高手一起站在技术的前沿。\n\n如果要说学习秘诀，那就是“项目驱动”与“逐步深入”。先写几个小工具，从命令行计算器到简易 Web 服务器，再慢慢挑战游戏引擎和微内核；先刷刷 LeetCode 上的 C++ 题，再读读《C 程序设计语言》和《Effective C++》系列，把经典理论和实战经验结合起来。等你开始自己实现一个迷你编译器，或者动手修改 Linux 内核的一行代码，那种从源码深处拔刀相助的快感，会让你彻底忘记昼夜。\n\n未来的路还很长。随着量子计算、异构计算和边缘计算的到来，C/C++ 依然会是底层性能优化的首选；新兴的 WebAssembly 也在不断借鉴 C/C++ 的编译策略，让浏览器跑起更复杂的应用不在话下。只要你把 C/C++ 的底层思维当作身体里的一部分，无论技术浪潮如何汹涌，你都能保持冷静，像渔夫一样，一网打尽新技术的鱼群。','2023-10-04 11:15:00'),(5,'初入操作系统的世界','眸冷但骨不累','操作系统，就像一位无形的管家，管理着 CPU、内存、磁盘、网络等硬件资源，为各种应用程序提供了一个安全、稳定又高效的“舞台”。当用户双击打开一个软件，或在浏览器里畅游互联网，都是操作系统在暗中协调：它分配硬件时间片，让多个进程看似同时运行；它调度内存空间，避免程序间的“打架”；它还凭借文件系统，把零零散散的字节组织成层次分明的文件和目录，让我们轻松地保存、查找和管理海量数据。正是因为有了操作系统，这台由硅片和电路组成的机器才有了灵魂，才真正成为日常办公、娱乐与创新的可靠伙伴。\n\n在这位管家的“事务所”里，进程管理和线程调度就像一场精密的芭蕾舞。每一个进程都有自己的“舞步”——程序计数器、寄存器、堆栈，它们有序地在 CPU 上轮换，仿佛一群技艺高超的舞者在舞台上接力。遇到多核处理器时，调度器不仅要决定哪个进程先上场，还要考虑负载均衡，让每一颗核心都能闪耀光芒。内存管理则更像是一场拼图游戏：操作系统通过分页和分段技术，把内存划分成一个个小块，让程序按需申请，按序归还；当内存紧张时，它又能机智地将暂时不用的数据“换出”到硬盘，确保系统不至于崩溃。文件系统和设备驱动各司其职，用一套规则将磁盘、SSD、USB、打印机、摄像头等各色外设“请进门来”，让它们都能“说人话”、共用同一个平台。这些看似繁杂的设计，交织成一个巧夺天工的建筑，让计算机世界既稳定可靠，又充满无限可能。\n\n启动一台计算机，就像观看一出宏大戏剧从幕后到台前的全过程。首先，固件（BIOS 或 UEFI）点亮硬件，唤醒 CPU；接着，Boot Loader 按照既定顺序，在硬盘或网络上寻觅操作系统核心（Kernel）；当内核被加载到内存，它便开始初始化各种子系统：中断控制、内存管理、设备驱动……随着 init 或 systemd 等进程接手，用户空间的服务与守护进程纷纷登场，熟悉的图形界面和命令行才真正启动。整个过程就像一场华丽的接力赛，每一棒都必须完美无缺，才能让整场表演天衣无缝。了解了这些流程，就能像导演一样精准调试启动参数，优化系统性能，甚至编写微型操作系统实验，感受“手握全局”的畅快。\n\n学习操作系统的真正价值，不仅在于掌握如何配置内核、编写驱动、调优性能，更在于培养一种“系统思维”。当你了解了进程如何通信（IPC）、锁与并发的微妙平衡、虚拟内存的底层机制，就能站在更高的视角思考问题：如何设计一个高可用的分布式系统？如何用异步 I/O 提升 Web 服务器的吞吐量？如何在资源受限的嵌入式设备上，实现实时响应？这种思维方式，能够让在编写日常应用时兼顾扩展性和可靠性，避免写出“甩锅”的烂软件。更妙的是，操作系统中的很多概念，如调度、回收、缓存，都能在其他领域找到对应——数据库里有查询优化、浏览器里有渲染调度、分布式系统里有任务分片……当对操作系统如数家珍，整个技术栈的理解就会像多米诺骨牌一样，自然连通。\n\n如果想深入这片学术与实践并重的沃土，不妨从经典教材开始：阅读《深入理解计算机系统》（CS:APP）或《现代操作系统》，也可以试听 MIT 的 6.828 或国内慕课平台上的高质量视频课程。更重要的是动手实验：在虚拟机里编译与定制 Linux 内核，写一个简单的线程库，甚至用 Rust 或 C++ 自己实现一个微型 OS——那种“从零构建”的体验，会让对计算机的理解提升到前所未有的高度。开源社区也是宝库：Linux Kernel Mailing List、GitHub 上的各类操作系统项目，都能让在阅读和贡献中不断成长。真刀真枪地敲代码，才能把抽象原理变成手中实物，成就感爆棚。\n\n操作系统的世界，既冷静理性，又充满诗意。每一次上下文切换，都像跳动的节拍；每一次内存分配，都是精彩的编舞；每一个系统调用，都是人与机器的对话。带上好奇与毅力，深入这片基石领域，就能发现操作系统不仅是冰冷的二进制和调度算法，更是让计算机“活”起来的灵魂。用心去学，用情去悟，愿在这趟探索之旅中，找到属于自己的灵感与方向。加油，未来因你而精彩！','2023-10-05 13:45:00'),(6,'初入Java语言','眸冷但骨不累','Java语言自诞生之日起，就以“一次编写，到处运行”的愿景，搭建起跨平台开发的桥梁。它那优雅的语法、面向对象的思想和严格的内存管理机制，让开发者能够在复杂业务中游刃有余。无论是后台企业级系统，还是手机端的 App，亦或是轻盈的 Web 服务，Java 都能凭借其成熟的生态和极佳的稳定性，为开发者提供一片放心施展才华的广袤天地。\n\n回溯到 1995 年，James Gosling 和他的团队在 Sun Microsystems 勾画出了 Java 的蓝图。当时的互联网刚刚萌芽，操作系统、硬件平台五花八门，如何让一段代码在 Windows、Mac、Linux 乃至嵌入式设备上都能跑起来，是一场技术与想象的双重冒险。Java 虚拟机（JVM）应运而生，它不仅屏蔽了底层差异，更将垃圾回收、字节码验证等安全特性融入语言核心，让代码在任何环境中都能安全执行。\n\n面向对象是 Java 最核心的编程范式。类与对象、继承与多态、封装与接口，这些概念就像乐章中的音符，交织出灵动的程序架构。你可以为一个“订单”定义属性与方法，也可以为一个“用户”定制权限与行为；当业务变更时，通过继承和接口的组合，代码能够迅速演化而不失整洁。这样的设计，让复杂系统如同拼图，只需不断拼接和替换模块，就能应对千变万化的需求。\n\nJVM 的神奇之处不仅在于跨平台，更在于它构建了一整套监控和调优机制。从垃圾回收器的多种算法到即时编译（JIT）的智能优化，再到性能分析（Profiler）和故障诊断（JVM Flight Recorder），每一个环节都在默默保障着生产环境的高可用与高性能。开发者只需在 IDE 中编写 Java 代码，背后就有一整条成熟的管道，把代码打包、运行、监控、调优，几乎无缝衔接。\n\n说到生态，Java 的朋友圈极其庞大。Spring、Hibernate、MyBatis 等框架，解决了从依赖注入、数据访问到事务管理的方方面面；Android 平台则让它成为移动开发的主角；大数据世界里，Hadoop、Spark、Flink 等项目也都留有 Java 的身影。无论是金融领域的高频交易，还是电商平台的亿级并发，Java 都凭借稳定的线程模型和完善的类库，让数以万计的并发请求有序地被处理。\n\n善用工具，更能如虎添翼。IntelliJ IDEA、Eclipse、VS Code 等 IDE，让代码补全、重构、调试变得如行云流水；Maven、Gradle 则将依赖管理与构建流程自动化，让项目能在 CI/CD 管道中被快速打包、测试、部署。再配合 Docker、Kubernetes 等容器编排技术，Java 应用可以在云端以微服务的形式灵活伸缩，满足现代化运维的需求。\n\n对于初学者，建议从 Java 基础语法和面向对象入手，掌握基本的数据类型、控制结构和类的设计；接着学习集合框架、流式 API（Stream），它们是处理海量数据的利器；然后探索并发编程，以理解线程池、锁机制和原子操作；最后涉猎 JVM 原理与性能调优，让你的代码在生产环境中发挥极致效率。实战项目与开源社区是最佳课堂，通过阅读优秀项目的源码，并动手贡献一两行补丁，你会在实践中迅速成长。\n\n在这个语言更迭迅速的时代，Java 之所以屹立不倒，源自它对向后兼容的执着，对产业界需求的迅速响应，以及不断进化的社区活力。从 Jakarta EE 的重塑，到 GraalVM 的多语言支持，再到 Loom 项目的虚拟线程，Java 始终在不断突破自我。无论你是刚刚起步，还是想在职业生涯中纵横捭阖，深入 Java 这一古老而又年轻的领域，都将为你打开一扇通往无限可能的大门。','2025-05-26 21:24:56'),(7,'Python语言初探','眸冷但骨不累','Python 就像一位温暖的导师，用它简洁的语法和优雅的缩进，带你走进编程的殿堂。初次接触，你会被它那接近自然语言的风格所吸引：没有繁琐的分号，也不需要手动管理内存，你只需用心思考问题，然后把解决方案用几行清晰的代码描绘出来。对于初学者而言，这就像在冰冷的代码世界里，第一次看到了明亮的火焰，暖手又暖心。\n\n从简单脚本到复杂系统，Python 的魅力在于它的多面性。在数据分析领域，Pandas、NumPy、Matplotlib 这些库像是一支探险队，为你在海量数据中开辟出清晰的路径；在人工智能和深度学习世界里，TensorFlow、PyTorch 则是你最得力的朋友，帮助你从零开始训练一个能识别图片里猫猫狗狗的神经网络；而在 Web 开发方面，Django、Flask、FastAPI 等框架又能让你像搭积木一样，轻松构建一个功能齐全的动态网站。每一次切换角色，你都像换上了不同的战甲，应对不同的挑战。\n\n社区的力量，是 Python 最宝贵的财富之一。无论你是在 Stack Overflow 上提问，还是在 GitHub 上浏览开源项目，都能感受到那股热情与协作的气息。每当你遇到难题时，输入几句话就能在社区里找到数不清的答案和最佳实践；每当你写下第一个 PyPI 包，也许下一个热销的开源项目就此诞生。这里没有孤军奋战，只有无数双手，陪伴你一起编写属于自己的代码乐章。\n\nPython 还拥有一份独特的跨界名片：它不仅是程序员的宠儿，还是科学家、金融分析师、艺术家们的秘密武器。想要绘制一张星系图？你可以用 Matplotlib；想要进行量化交易回测？你可以用 Zipline；想要写一首代码诗？你可以用 Turtle 模块，让色彩在屏幕上舞动。它仿佛一支万能魔杖，让各行各业的人都能用编程的思维，解锁属于自己的新玩法。\n\n当然，Python 也并非没有挑战。因为它是解释型语言，在某些对性能敏感的场景下，原生的执行速度可能略逊一筹。但别慌，你可以用 Cython、Numba 或者 PyPy 进行加速，也可以把性能关键的部分用 C/C++ 重写，然后用 Python 来协调整个系统——这就是 Python 的灵活之处，让你在追求简单与高效之间自由切换，找到最适合自己的平衡点。\n\n对于想要踏入 Python 世界的新手，建议先打好基础：从基本的数据类型、控制结构和函数定义学起，然后逐步探索列表推导式、生成器、装饰器这些优雅的语法糖。当你对核心语法驾轻就熟后，再选一个方向深入：如果你热爱数据分析，就从 Pandas 和 Matplotlib 开始；如果你对 Web 感兴趣，就试试 Flask 做一个小型博客；如果你对 AI 有热情，就跟着教程用 PyTorch 实现一个简单的神经网络。动手实践，才能让知识真正“活”起来。\n\n学习资源也是丰富多彩：网上有免费的慕课平台，也有付费的顶级课程；图书馆里有《Python Crash Course》《流畅的 Python》等经典好书；YouTube 上无数博主会分享项目实战和调试心得；与此同时，一些中国社区如掘金、知乎专栏，也会发布极具实用价值的中文教程。挑几种你喜欢的学习方式，坚持下去，就能在知识的浪潮中稳稳划出自己的航道。\n\n写到这里，你可能会好奇，Python 的下一个风口在哪里？在云原生和微服务时代，Serverless 架构和函数计算正变得越来越火热，Python 凭借其轻量和丰富的生态，已经成为无数云平台的首选语言；在数据隐私和联邦学习兴起的今天，Python 也提供了许多专门的库和框架，让你在保护数据的同时，继续发挥机器学习的威力；而在物联网和边缘计算领域，MicroPython 和 CircuitPython 则让 Python 这位“巨人”，能在微小的硬件上也能奔腾如风。可以说，Python 的故事才刚刚开始。\n\n总之，Python 就像一扇敞开的门，欢迎每一个对编程心怀好奇的人走进来。在这里，你不用担心语法的繁琐，也不用害怕工具的生疏，只要带着热情和耐心，就能在简洁与强大之间，实现一次又一次的“Hello, World”蜕变。希望每一位初学者都能在 Python 的世界里找到自己的方向，让代码成为你探索未知、创造价值的翅膀。','2025-05-26 21:28:35'),(8,'数据库初探','眸冷但骨不累','数据库就像一座知识的宝库，将无数离散的信息化整为零地编织进一张张表格和字段中，让数据在其中自由流动，却又井然有序。想象一下，当你打开智能手机上的理财应用，底层数以亿计的交易记录、用户资料和市场行情，正通过一条条 SQL 语句被高效地筛选、汇总，最后以图表和数字呈现在你的眼前，这一切都离不开那默默运转的数据库引擎。\n\n每一个表都像一个信息的容器，行与列构成的矩阵就是一幅幅静止却意味深长的画卷。主键好比每个实体的身份证号，保证在茫茫数据海洋中不会迷失；外键则像一座座桥梁，将相互关联的表格连接起来，构成完整、立体的业务模型。通过索引和视图，数据库为查询加上翅膀，让复杂的多表联查瞬间飞到你的面前，再也不用一条一条翻表扫描。\n\n学习 SQL，就像学会了一种神奇的咒语。SELECT 能帮你把所需信息从沉睡的数据世界中唤醒，INSERT 与 UPDATE 则让你在表格中书写新篇章或重写旧故事，DELETE 则是挥舞橡皮擦，帮你清理不再需要的记录。别看这些语句简短，每个子句、每个条件都隐藏着强大的力量：GROUP BY 与 HAVING 能让你分组统计，洞察数据的脉动；JOIN 则让多张表格在一次查询中碰撞，迸发出数据融合的火花；而子查询和窗口函数，就像给咒语注入了魔法，让你一次调用完成更复杂的运算。\n\n在关系型数据库的世界里，事务（Transaction）是守护数据一致性的忠诚卫士。它用“原子性、隔离性、持久性、可恢复性”这四个护身符，将一系列操作包裹成一个整体，要么全部成功，要么全部撤销。想象一场在线商城的下单过程：扣减库存、生成订单、更新用户积分，这些步骤必须要么全都完成，要么都不发生。事务就像默契十足的跑步队友，确保你们一起冲过终点线，绝不有人掉队。\n\n随着互联网大潮的汹涌，NoSQL 数据库应运而生。它们打破了传统的行列矩阵，将数据以键值对、文档、列族或图的形式存储，为应对海量数据和高并发访问提供了新的思路。键值存储像简洁的字典，拿来马上就能读；文档数据库像灵活的 JSON，能让你随意扩充字段；列族存储则擅长处理稀疏数据；图数据库更是社交网络和推荐系统的宠儿，让节点之间复杂的关系清晰可见。NoSQL 给开发者提供了更多元的选择，让系统在弹性和性能上都能获得更大的自由。\n\n但并非所有场景都要舍弃关系模型。NewSQL 数据库在传统关系型与 NoSQL 之间架起了一座桥梁，兼具强一致性与高可扩展性，让你在海量读写中也能享受“精准打击”的快感。一些云原生数据库更是将自动扩缩容、备份与恢复、监控告警等功能一网打尽，让运维同学们能够在数据的浪潮里自如驰骋，不再为节点扩容或日志清理头疼。\n\n学习数据库的过程中，动手实践绝对是最佳课程。借助 MySQL、PostgreSQL 或者 SQLite，你可以在本地搭建测试环境，编写建表脚本、插入测试数据、调优索引，感受数据从磁盘到缓存再到响应的全过程；当你对 SQL 语法信手拈来后，不妨试试设计自己的小型应用：一个图书管理系统、一个博客评论模块、甚至一个简易的投票系统，让数据在你的指尖舞动。每一次更改表结构、每一次优化查询，都像是在为数据安上一道安全带，也为你的技能添加一枚勋章。\n\n阅读官方文档和经典书籍，更能让你在数据库的世界里站得更高。与其盲目敲代码，不如翻一翻《数据库系统概念》《高性能 MySQL》，或者在线学习 Coursera、edX 上的数据库课程，系统地理解索引原理、事务隔离级别、存储引擎和查询优化器的运作。与此同时，不妨关注开源社区：在 GitHub 上 fork 一些优秀项目，阅读数据库驱动、存储引擎的源码，或是在 Stack Overflow 上为他人的问题提供解答，这些都能让你在实战与社区中汲取宝贵经验。\n\n当你对数据库的理解从表面走向内核，就能更深入地思考系统设计：如何根据业务属性选型？如何对冷热数据进行分层存储？如何设计多活架构与读写分离？如何利用分布式事务和消息队列保证跨服务一致性？每一个问题，都是一场思维的碰撞与升华，也让你的系统更加健壮与高效。\n\n在数据为王的时代，数据库技术不仅是编程世界的基石，更是各行各业创新的助推器。无论你是电商平台的架构师，还是金融风控的工程师；无论你是科研团队的数据分析师，还是创业公司的小而美产品经理，掌握数据库的精髓，都能让你在信息洪流中准确定位、快速响应，为用户提供更可靠、更智能的服务。\n\n对于想要进入数据库领域的新手朋友，不妨从简单的 CRUD 操作开始，逐步深入事务隔离、索引优化与分库分表；在学习之余，也可以参加一些线上挑战赛，如 SQL 挑战、数据库设计比赛，或是数仓与大数据实战项目，让理论与实践交相辉映。保持对新技术的好奇心，关注云数据库、图数据库、时序数据库、搜索引擎（如 Elasticsearch）等多样化的数据存储解决方案，让你的技能树枝繁叶茂。\n\n在这条充满未知与挑战的道路上，愿每一位新学计算机的朋友，都能在数据库的天地里，找到属于自己的那片风景。让结构化、半结构化与非结构化数据，在你的设计与调优中，化作一串串有序而动人的故事。数据库不仅是存储数据的仓库，更是编织智慧与洞见的工坊，让我们一起，用代码和 SQL，叩开数据世界的大门，触摸未来的无限可能。','2025-05-26 21:31:52'),(9,'初入计算机组成原理','眸冷但骨不累','计算机组成原理，就像打开一部机器的引擎盖，让我们窥见电子脉动与逻辑交汇的奇妙景象。在数字世界里，所有闪烁的屏幕、飞速的运算，背后都有一整套硬件与架构在默默协作。学习这门学科，不只是背诵那些“CPU、寄存器、总线”这样的名词，而是去理解：当你敲下第一行代码，究竟在机器的每一个角落，引发了怎样的电信号与数据流转。\n\n最初，你会遇到数字逻辑——那是一切计算的源头。与其说它是枯燥的“与非门”“或非门”，不如把它看作是一群“小精灵”，在“0”和“1”的世界中跳着布尔舞。它们组合成半加器、全加器，完成最基本的加减运算；它们拼装成触发器，构成那些能够储存比特的寄存器。当你看懂一张逻辑电路图，就像懂得了乐谱，你能预见每一次脉冲到来时，电子如何在导线上穿梭，如何在电容与电阻间弹跳，最终完成一段精妙的计算。\n\n当逻辑构件被串联、并联成更大的模块，计算机的“心脏”——算术逻辑单元（ALU）便跃然眼前。ALU 能在纳秒级别内处理加、减、乘、除等一系列操作，为更高层的软件提供运算保障。理解 ALU 的设计，就像理解诗人的笔法：每一个逻辑分支、每一种运算模式，都是在资源与速度之间权衡的艺术。它告诉我们，硬件的世界并非冰冷无情，而是充满了工程师对效率与成本的细腻雕琢。\n\n走得更深一些，你会发现 CPU 的内部其实是一座城市：寄存器是仓库，总线是街道，缓存（Cache）则是分布在各处的小卖部，负责快速供应最常用的数据。多级缓存的设计，是为了缩短数据从内存到核心的“配送”时间；流水线技术的引入，又像是给这座城市安装了快速通道，让指令执行像接力赛一样，前后环节并行推进，大幅提升吞吐量。学习这些优化手段，就像掌握了城市规划的精髓：合理布局、协调调度，才能让整个系统在高峰期依旧畅通无阻。\n\n当下流行的多核处理器，则像是一群并肩作战的将士。每一个核心都能独立处理任务，也能彼此协作，分享内存和缓存资源。掌握多核架构，你就能理解并行计算的魅力与挑战：如何分割任务？如何避免“抢”共享资源导致的性能瓶颈？如何在并发执行中保证数据一致？这些问题，不仅关乎硬件设计，更直接影响到高性能软件的实现——从科学计算到大规模数据处理，几乎所有现代应用都离不开多核优化。\n\n当然，输入/输出系统（I/O）也是计算机组成中不可或缺的一环。无论是键盘、鼠标，还是磁盘、网络接口，它们都通过总线和控制器与 CPU 协同工作。DMA（直接内存访问）技术就像是帮硬件开了“绿色通道”，让大块数据不用再通过 CPU 一次次拷贝，直接写入内存，从而释放了处理器去执行更有价值的计算。学习 I/O 机制，就能让你深刻理解系统瓶颈所在，并能在应用设计时，做出更合理的架构选择。\n\n除了这些核心模块，现代计算机组成原理还涵盖了高级主题：从超标量和乱序执行，让指令执行不再受程序顺序束缚；到预测执行和分支预测，用数学方法“猜测”下一步操作，提高流水线利用率；再到片上网络（NoC）和加速器（如 GPU、TPU），为人工智能与图形渲染提供专门的硬件支持。每一项技术，都是对性能极限的一次探索，也都深深植根于那份对硬件细节的狂热追求。\n\n然而，学习计算机组成原理并非纯理论，而是充满实践的乐趣。从使用硬件描述语言（如 Verilog、VHDL）搭建自己的小型处理器，到在 FPGA 板卡上验证设计，再到运行开源 CPU 内核（如 RISC-V）的仿真与优化，你会在“从无到有”的过程中，培养工程思维与创新能力。正是那一次次实验失败与调试成功，才让抽象的电路图真正化作掌中的硅片与闪烁的灯火。\n\n当你对计算机组成原理了然于心，回头去看软件开发的种种问题，就会有全新的视角：为什么某段代码会因为缓存不命中而卡顿？为何某个算法在多线程环境下反而变慢？又该怎样在架构设计中，合理利用硬件特性，避免性能陷阱？软件不再只是调用系统API的黑盒，而是与你的硬件伙伴并肩战斗、互相制衡的双人舞。\n\n在这条探索之路上，经典教材如《计算机组成与设计》《计算机体系结构：量化研究方法》可以为你奠定坚实基础；而开源社区与实验平台，如 RISC-V 项目和各类软硬件协同设计工具，则能让你紧跟前沿、不断实践。无论是作为计算机专业的学生，还是自学系统底层的技术爱好者，掌握计算机组成原理，都是为日后在人工智能、大数据、云计算等领域深耕细作，打下坚实根基的第一步。\n\n在这座硬件与软件交织的世界里，计算机组成原理是一张指引你前行的地图。深入其中，你将不再是代码的撰写者，而是系统的设计者；你将不再只关注业务逻辑，而能在更高的维度上，把握性能、效率与创新。让我们一起拆解那看似冰冷的芯片与逻辑门，去感受它们背后的思考与智慧，开启一段通往技术深处的奇妙旅程。','2025-05-26 21:34:55'),(10,'C/C++中的面向过程编程','眸冷但骨不累','C语言像一把简练的雕刻刀，将复杂问题剖开，让你在指针与字节间自由驰骋。它那直白的语法和清晰的流程，就像一条直通实心地基的地道，让每一行代码都紧贴硬件脉搏。初学者在看到 printf(\"Hello, World!\\n\"); 的那一刻，往往会被它的简洁所折服——仿佛用最少的笔触，就能点亮计算机的世界。\n\n在面向过程编程的世界里，函数就是一颗独立的星辰，每颗星辰都有自己清晰的使命。把输入读进来，交给 read_input()；在 process_data() 里挥洒算法魔法；最后由 write_output() 将结果奉上。程序执行的路线如同登山小径，曲折却有序，沿着一层层函数调用，最终抵达山顶。没有多余的面向对象花架子，只有最直接的流程和最纯粹的控制。\n\nC语言的魅力还在于它对内存的掌控权：malloc、calloc、free 让你亲手分配与回收每一块堆内存，像一位精明的理财师精打细算每一分钱。栈上分配的局部变量，则如同随取随用的零钱，不需额外打理。正是这种极致的自由，让嵌入式开发者能在有限资源里舞出极致优化，也让系统级工程师得以编写那看似冰冷却高效的操作系统内核。\n\n标准库中的函数，就像一个个贴心的工具箱：字符串处理有 strcpy、strlen；数学计算有 sin、cos、pow；文件操作有 fopen、fread、fwrite。不必从零开始造轮子，你只需召唤这些函数，就能迅速实现常见功能。面对海量数据，你可以一次次调用这些老朋友，让它们替你完成繁琐的底层操作，把精力集中在核心逻辑上。\n\n函数模块化带来的代码重用，则像在建筑工地使用预制件：只要接口相同，就能把模块一拆再装。一个 sort_array()，你可以在学生管理系统、库存盘点工具、甚至小游戏排行榜里反复使用；一个 compute_checksum()，无论是网络通信还是文件校验，都能派上用场。模块化不仅节省时间，也让团队协作变得更加高效：只要大家遵守接口契约，就能并行开发、互不干扰。\n\n当然，当程序规模逐渐扩大，面向过程也会暴露出它的脆弱。成百上千行的函数调用链，往往让人难以追踪；全局变量的乱用，又会引发“幽灵 Bug”，在不经意间偷袭你的调试之旅。更别提缺少封装与继承的特性，无法天然地将数据与操作绑在一起，让数据一致性的维护，成为一场持久战。\n\n在这样的场景中，一些程序员会忍不住去“模拟”面向对象：把数据结构和一组函数紧密命名结合，手动维护“方法”；或者用宏定义伪装继承结构。虽然能在一定程度上缓解复杂度，但也可能让代码变得拗口难懂，更需严谨的注释与文档来维系。\n\n然而，不可忽视的是，面向过程的轻量与直接，在性能敏感的领域中依旧无出其右。嵌入式设备的微秒级响应、游戏引擎的帧率优化、高频交易系统的纳秒延迟，这些对性能有苛刻要求的场景，往往更青睐 C 的直截了当。没有虚函数表的间接访问，没有 GC 暂停的困扰，只有最原始的指令流和优化后的机器码。\n\n要在面向过程编程中游刃有余，需要掌握几项“内功心法”：谨慎使用指针与内存，避免悬空指针和内存泄漏；合理设计函数接口，参数清晰、职责单一；提前规划全局资源，用静态或局部化管理，避免全局污染；多利用头文件和分层目录，将声明与实现分离，让编译依赖更可控。\n\n对初学者而言，建议先从小项目开始：写一个简单的字符串反转工具，练习指针与数组；再实现一个链表库，体验动态内存与结构体；然后挑战文件解析，把 fgets、sscanf、fprintf 结合起来，完成 CSV 文件的读写。每一次小实验，都是向面向过程大师之路迈出的坚实一步。\n\n随着知识的积累，你会发现面向过程的思维方式，也为学习后续的面向对象、函数式编程等范式打下牢固基础。因为它将程序的运行机制、内存模型、调用栈等底层细节，刻在脑海深处；当你再回看那些优雅的类与对象，就能深刻理解继承与多态背后，究竟调用了怎样的函数与指令。\n\n在今天多样化的编程生态里，面向过程依旧是一块重要的基石。无论是微控制器里那颗静默的芯片，还是高性能服务器上的关键模块，都有它的身影。掌握这门艺术，不仅让你能写出高效、紧凑的代码，更会让你对计算机的本质，更加清晰而深刻。\n\n愿每一位正在学习 C 语言的朋友，都能在面向过程的世界里，找到属于自己的节奏：以函数为单元，以逻辑为韵律，让代码既简洁可读，又如流水般纯净。用最直接的方式，与计算机共舞，感受那份由零和一构成的原始魅力。','2025-05-27 00:06:50'),(11,'C/C++中的传参机制','眸冷但骨不累','在 C/C++ 中，函数参数的传递机制是联系调用者与被调用者之间数据流动的桥梁。对于每一次函数调用，编译器和运行时都会根据参数的类型和传递方式，决定将数据如何在内存中移动或共享。理解这些机制，对于编写既高效又安全的程序至关重要，也能帮助读者更好地调试和优化代码。\n\n最直接的传参方式是值传递。它会在函数调用时，将实参的值复制一份存入函数的形参中。对于内置类型如 int、char、double 等，值传递既简单又直观：在函数内部对形参的修改，不会影响到调用者的原始变量。然而，当参数是一个大型结构体或数组时，值传递会导致一次完整的拷贝，消耗更多的栈空间和复制时间，这在性能敏感的场景下并不理想。\n\n为了避免复制开销，C 和 C++ 都提供了通过指针传递的方式。利用指针，函数接收到的并不是数据本身，而是数据所在内存的地址。通过解引用操作，函数可以直接读取或修改调用者的数据。指针传递广泛用于动态分配的内存块、链表、树等复杂数据结构，也常见于数组操作。虽然这种方式可以显著提高效率，但同时要求程序员对内存管理更加谨慎，避免出现悬空指针、野指针或重复释放的危险场景。\n\n在 C++ 中，引入了引用（reference）的概念，为传递机制提供了更安全、更易用的选择。引用在底层同样是地址的别名，但在语法层面更接近值传递：无需显式解引用，写起来就像是在使用普通变量。函数签名中将参数声明为引用类型，则对它的任何修改都会直接作用于原始对象。与指针不同，引用必须在初始化时绑定到一个有效的对象，且在整个生命周期内无法重新绑定，这消除了空引用和野引用的隐患。\n\n除了基本的三种传参方式，C++11 之后还引入了右值引用及移动语义，让参数传递机制更加灵活。对于临时对象或即将销毁的对象，使用右值引用（&&）可以启用移动构造与移动赋值，将资源（如动态分配的内存、文件句柄等）“搬运”到函数内部，而不是进行深拷贝。这样，在大型容器、字符串或流对象的传递中，可以大幅提升性能，并减少不必要的内存分配和释放。\n\n模板编程中，还常常结合完美转发（perfect forwarding）与参数展开，来实现一系列通用接口。借助 std::forward，可以将实参以其原有的值类别（左值或右值）传递给下层函数，既保留了临时对象的移动能力，也能正确传递左值引用，避免不必要的拷贝或移动。看似高级的技术，背后正是对 C++ 传参机制细致入微的理解与灵活运用。\n\n在实际编程过程中，如何选择合适的传参方式，需要根据数据大小、修改需求和安全性综合考量。对于标量类型和小型结构，值传递带来的开销微乎其微，且接口语义清晰；对于大型对象或需要在函数内修改实参的场景，指针或引用能够更有效地共享数据；而对于需要从函数获取新资源所有权的情况，右值引用与移动语义是最佳选择。良好的代码风格还会在函数注释或文档中明确说明参数的传递意图，确保团队成员能够快速理解接口使用方式。\n\n调试与性能分析时，也要关注传参机制带来的影响。使用值传递时，编译器可能会生成额外的拷贝构造函数调用；指针传递如果没有妥善检查空指针或越界访问，就可能触发难排查的内存错误；引用传递则需要注意函数返回值不能安全地绑定到局部变量的引用。借助现代 IDE 和静态分析工具，可以检测出潜在的传参缺陷，如未使用引用但又需要共享数据，或函数原型中遗漏 const，导致不必要的复制。\n\n在多线程或并发环境下，参数传递机制的选择也关联到线程安全与对象所有权。通过值传递或者复制容器，可以避免多个线程操作同一块内存；而指针和引用则要确保数据的读写操作受到锁或原子操作的保护。C++ 标准库中的 std::shared_ptr 和 std::unique_ptr，进一步将内存管理与所有权语义包装在智能指针中，使得函数传参过程更加直观：传递 shared_ptr 即共享所有权，传递 unique_ptr 即转移所有权，编译时即可捕捉不合理的复制或移动行为。\n\n总的来说，C/C++ 的传参机制丰富而灵活，从值传递到指针、引用，再到右值引用和智能指针，每一种方式都有其合适的应用场景。深刻理解它们的内存布局、调用开销和语义差异，是编写高效、健壮代码的关键。通过合理地选择和组合这些机制，既能发挥 C/C++ 在性能优化上的优势，也能在复杂项目中保持代码的可读性与维护性，让程序设计更上一层楼。','2025-05-27 00:11:26'),(12,'Java的面向对象特性','眸冷但骨不累','在 Java 的世界里，对象不仅仅是一种数据结构，更是一种思维方式。每当你创建一个对象，就好像在现实世界中塑造了一个拥有属性和行为的“实体”。这些实体之间可以互相协作，共同完成复杂的任务，而程序的逻辑则通过它们灵活地展开。对于刚刚踏入编程领域的朋友而言，理解面向对象编程（OOP）所带来的这种“拟物化”思维，无疑会让你在构建复杂系统时更加得心应手。\n\n类就像是一张蓝图，定义了对象的属性和方法。你可以把它想象成一份“配方”，其中列出了所需的原材料（字段）和具体的操作步骤（方法）。当你使用 new 关键字实例化一个类时，实际上是在厨房里按照配方烘焙出一道美味的蛋糕——也就是一个具体的对象。这样一来，程序中就不再是一堆零散的变量和函数，而是一系列带着清晰职责与边界的模块化单元。\n\n封装，是面向对象编程的第一道防线。它帮助我们将对象内部的状态隐藏起来，只通过公开的方法与外界交互。就像自动贩卖机只提供几个按钮让你选择饮料，却不会让你直接触碰里面的电路或齿轮。通过在字段前加上 private，并为它们提供 public 的 getter 和 setter，既能保护数据不被随意改，又能在需要时控制访问方式。例如，你可以在 setter 中校验输入值是否合法，然后再赋予字段，确保对象始终处于有效状态。\n\n继承，则让我们能够在已有功能的基础上扩展新特性。假设你已经写好了一个 Animal 类，其中包含 eat()、sleep() 等通用方法；而现在要增加一个 Dog 类，就可以使用 extends Animal，直接继承 Animal 的属性和行为，然后再为狗狗添加 bark() 这样的专属方法。这种机制不仅避免了重复代码，还大大提升了开发效率。当以后你需要增加 Cat、Bird 等其他动物时，只需继承同一个基类，再根据需求添加或覆盖方法即可。\n\n多态，让我们能够用同一个接口，去操作多种不同类型的对象。比如你可以定义一个 public void makeSound(Animal a) 方法，在其中调用 a.sound()；无论传入的是 Dog、Cat，还是 Bird 实例，它们都会根据自身的实现，发出不同的声音。这种“同名方法，不同表现”的特性，使得程序结构更加灵活，也更容易扩展。你可以在不修改现有代码的前提下，引入新的子类，系统就能自动适配，而无需大规模重构。\n\n接口（interface）为多态提供了另一种实现途径。与继承不同，类可以实现多个接口，这在 Java 中尤为重要，因为它避免了单继承的局限。例如，你可以定义一个 Playable 接口，包含 play() 方法，音频播放器、视频播放器、游戏手柄等都可以实现这个接口，然后在某个通用方法中统一调用。接口不仅规定了方法签名，也成为模块间解耦的利器，让你能够为不同功能块制定同一套合约。\n\n抽象类（abstract class）则介于接口与普通类之间。它可以包含部分已实现的方法和字段，也可以声明抽象方法，由子类来具体实现。通过抽象类，你可以为一组相关类提供公共的行为和状态，同时又保留一定的灵活性。例如，一个 Vehicle 抽象类可以实现 start()、stop() 等通用功能，却将 move() 定义为抽象方法，让 Car、Boat 各自给出不同的移动方式。\n\n在实际项目中，面向对象的思想贯穿始终。从桌面应用到企业级后端服务，再到 Android 移动端开发，Java OOP 都是核心范式。设计模式如单例（Singleton）、工厂（Factory）、观察者（Observer）等，都是在面向对象基础上总结出的最佳实践，让你能够在团队协作时快速达成共识。它们将常见问题的解决方案进行了封装，避免了重复造轮子，也让代码更加易于维护。\n\n当然，要真正驾驭这些技术并非一蹴而就。建议从简单的小程序开始练习：先为一个“学生管理系统”设计 Student、Course 等类，再实现注册、选课、成绩查询等功能。然后逐步引入继承、接口和设计模式，为系统添加权限管理、日志记录、异步处理等模块。每一次在代码中落地面向对象思想，都是对抽象概念的深化理解。\n\n在学习过程中，也要时刻关注代码的可读性和规范性。良好的命名、合适的注释，以及统一的代码风格，都是让团队成员迅速理解并参与开发的关键。工具如 IDE 的重构功能、静态代码分析插件，以及单元测试框架（JUnit），都能帮助你保持代码的高质量，及时发现并修复潜在的问题。\n\n当对 Java 面向对象编程有了扎实基础后，再去学习 Spring、Hibernate、Spring Boot 等主流框架时，就会发现自己省去了大量“填坑式”的摸索。因为它们都深度运用了依赖注入、面向切面编程（AOP）等 OOP 思想，以注解和配置为纽带，将业务逻辑和基础设施代码解耦，让你能够专注于核心业务的实现。\n\n总体来看，面向对象编程并不是一套僵化的套路，更是一种不断演化的思维方式。从最初的封装，到继承、多态，再到接口与抽象类，每一步都在帮助你构建更清晰、更灵活、更易维护的系统。掌握这些概念，并在实践中不断打磨，你便能游刃有余地应对各种复杂场景，让 Java 真正为你的开发工作带来质的飞跃。','2025-05-27 00:14:52'),(13,'初识关系型数据库','眸冷但骨不累','关系型数据库就像一座有序的图书馆，将各种数据“编目”成表格，让我们能够快速找到所需的“书籍”。表格中的行对应每一条记录，列则对应记录的属性，读者只需凭借主键，就能准确锁定一本“特定的书”。而外键则像索引卡，将不同类别的书籍串联成系列，让关联查询犹如在书架间轻松检索。\n\n在关系型数据库中，SQL（结构化查询语言）是最常使用的“检索工具”。SELECT 语句就像在图书馆中输入关键字检索；INSERT、UPDATE 和 DELETE 则分别负责入馆、书籍修订和下架。通过 WHERE、GROUP BY、HAVING、ORDER BY 等子句，还可以实现条件筛选、分组统计、过滤聚合结果和排序展示，让数据处理变得游刃有余。\n\n数据持久化是关系型数据库的根基。当一次写入操作提交后，不管服务器是否重启，这些数据都会被安全地存储在磁盘上。事务机制进一步保证了一组操作要么全部成功，要么全部回滚，就像在图书馆中执行批量登记时，要保证登记手续完整无误，否则全部作废，确保数据一致性。\n\n完整性约束是维护数据准确性的守护者。主键约束确保每条记录在数据库中都是独一无二的；唯一性约束则防止重复数据的出现；检查约束（CHECK）能对字段值施加更多规则；外键约束则维护表与表之间的参照完整性，防止出现“孤儿记录”。这些约束让数据库像一个严谨的图书管理系统，杜绝混乱与错误。\n\n当数据量增大或并发访问增多时，索引成为提升查询性能的加速器。B 树索引适用于范围查询与排序；哈希索引更擅长等值查询；全文索引则为文本检索提供支持。合理设计索引，就像在图书馆中为热门书籍单独开辟快速借阅通道，让读者瞬间拿到最热门的内容。\n\n模式设计（Schema Design）是关系型数据库使用中的核心步骤。一个良好的模式需要遵循范式原则，从第一范式（1NF）到第三范式（3NF），直至更高的规范化，剔除冗余、消除更新异常；适度的反范式化（Denormalization）又可在性能与存储之间取得平衡。正确的库表结构，犹如科班出身的馆藏分类，既严谨又灵活。\n\n在实际项目中，读写分离与分库分表是常见的扩展策略。将主库专注于写操作，将从库处理读请求，就能提升系统并发吞吐吐；将海量数据按照某种规则水平拆分后，分散到多台数据库实例上，就能打破单机瓶颈，实现更大规模的扩容。\n\nMySQL、PostgreSQL、Oracle、SQL Server 等主流关系型数据库各有千秋。MySQL 以轻量、易用和丰富的社区支持闻名；PostgreSQL 则以标准兼容性和先进特性著称；Oracle 强调企业级稳定与全面的生态；SQL Server 则与微软技术栈无缝集成。根据项目需求与预算，选择最合适的 DBMS，才能在实施过程中事半功倍。\n\n在开发阶段，使用数据库迁移（Migration）工具，可以轻松管理版本变更，如 Flyway、Liquibase；结合 ORM 框架（如 Hibernate、MyBatis、Entity Framework）更能减少手写 SQL 的工作量，提高开发效率，但也要警惕“自动生成的 SQL”带来的性能隐患，及时审查与优化。\n\n性能调优往往需要结合执行计划（EXPLAIN）、慢查询日志和监控指标来进行。通过观察索引命中率、表扫描次数、锁等待情况和 I/O 延迟等指标，可以找到瓶颈所在；然后针对具体语句添加或调整索引、重写 SQL、拆分查询、缓存热数据、调整连接池或硬件资源，逐步提升系统性能。\n\n学习关系型数据库，不仅要掌握 SQL 语法，更要理解数据库内部原理：缓冲池（Buffer Pool）、锁机制、事务隔离级别（READ UNCOMMITTED、READ COMMITTED、REPEATABLE READ、SERIALIZABLE）、MVCC（多版本并发控制）等。只有从原理层面把握，才能真正写出高性能、可扩展的数据库应用。\n\n在大数据和云计算时代，关系型数据库与 NoSQL、NewSQL、时序数据库、图数据库等多种存储技术相辅相成。合理选型、混合存储，才能满足不同场景下的性能、扩展性与一致性需求。无论是金融风控、电子商务，还是实时分析与机器学习，都离不开对关系型数据库的扎实掌握。\n\n通过不断地项目实践、阅读官方文档、参与开源社区讨论、研究优秀的数据库设计案例，新手朋友们就能从容应对各类数据密集型应用开发与运维挑战。保持对新技术的好奇与敏感，将使你在数据的海洋中自由翱翔，为用户提供更快速、更可靠的数据服务。','2025-05-27 00:19:53');
/*!40000 ALTER TABLE `articles` ENABLE KEYS */;
UNLOCK TABLES;

--
-- Table structure for table `categories`
--

DROP TABLE IF EXISTS `categories`;
/*!40101 SET @saved_cs_client     = @@character_set_client */;
/*!40101 SET character_set_client = utf8 */;
CREATE TABLE `categories` (
  `category_id` int(11) NOT NULL,
  `name` varchar(100) DEFAULT NULL,
  PRIMARY KEY (`category_id`)
) ENGINE=InnoDB DEFAULT CHARSET=utf8mb4;
/*!40101 SET character_set_client = @saved_cs_client */;

--
-- Dumping data for table `categories`
--

LOCK TABLES `categories` WRITE;
/*!40000 ALTER TABLE `categories` DISABLE KEYS */;
INSERT INTO `categories` VALUES (1,'计算机基础'),(2,'C/C++语言'),(3,'Java语言'),(4,'Python语言'),(5,'计算机组成原理'),(6,'数据结构与算法'),(7,'操作系统'),(8,'数据库原理'),(9,'深度学习');
/*!40000 ALTER TABLE `categories` ENABLE KEYS */;
UNLOCK TABLES;
/*!40103 SET TIME_ZONE=@OLD_TIME_ZONE */;

/*!40101 SET SQL_MODE=@OLD_SQL_MODE */;
/*!40014 SET FOREIGN_KEY_CHECKS=@OLD_FOREIGN_KEY_CHECKS */;
/*!40014 SET UNIQUE_CHECKS=@OLD_UNIQUE_CHECKS */;
/*!40101 SET CHARACTER_SET_CLIENT=@OLD_CHARACTER_SET_CLIENT */;
/*!40101 SET CHARACTER_SET_RESULTS=@OLD_CHARACTER_SET_RESULTS */;
/*!40101 SET COLLATION_CONNECTION=@OLD_COLLATION_CONNECTION */;
/*!40111 SET SQL_NOTES=@OLD_SQL_NOTES */;

-- Dump completed on 2025-08-29 15:32:38
